label,text
3,bhp billiton approves chile copper project western australia iron lt gt lt gt sydney bhp billiton approved copper project northern chile costing dollars expansion iron ore operations western australia
3,ceo pleads guilty fraud york reuters computer associates international lt href http investor reuters fullquote aspx ticker target stocks quickinfo fullquote gt lt gt chief executive sanjay kumar pleaded guilty thursday charges securities fraud obstruction justice year investigation accounting fraud company
3,microsoft offer windows flavor retail market windows client software microsoft corp developing customized variants windows embedded operating system specific markets
3,study amp neck stent effective surgery johnson amp johnson neck stent effective surgery clearing blocked blood vessels brain strokes death company funded study tomorrow england journal medicine
3,china richest york expanded list names top year required personal wealth year
3,amp cut constellation brands debt rating standard amp poor tuesday cut debt rating constellation brands stz quote profile deeper junk wine beer distributor launched unsolicited offer
3,cisco systems st quarter earnings rise reuters reuters cisco systems biggest maker equipment directs data internet tuesday quarterly earnings rose percent rising demand networking gear
3,chrysler revs gm ford rivals automaker profit selling cars gains market share brett clanton detroit news chrysler ongoing recovery boost thursday automaker reported
3,fannie mae takes approach crisis independent probe throw top executives overboard
3,hidden fees bank accounts mortgages credit cards car loans buyer beware financial fees rise waiting blindside